datetime,volt,rotate,pressure,vibration,errorID,comp,failure,target,volt_lag_1h,volt_lag_6h,volt_lag_12h,volt_lag_24h,volt_mean_24h,volt_std_24h,volt_min_24h,volt_max_24h,volt_mean_6h,volt_std_6h,rotate_lag_1h,rotate_lag_6h,rotate_lag_12h,rotate_lag_24h,rotate_mean_24h,rotate_std_24h,rotate_min_24h,rotate_max_24h,rotate_mean_6h,rotate_std_6h,pressure_lag_1h,pressure_lag_6h,pressure_lag_12h,pressure_lag_24h,pressure_mean_24h,pressure_std_24h,pressure_min_24h,pressure_max_24h,pressure_mean_6h,pressure_std_6h,vibration_lag_1h,vibration_lag_6h,vibration_lag_12h,vibration_lag_24h,vibration_mean_24h,vibration_std_24h,vibration_min_24h,vibration_max_24h,vibration_mean_6h,vibration_std_6h,errorID_lag_1h,errorID_lag_6h,errorID_lag_12h,comp_lag_1h,comp_lag_6h,comp_lag_12h,error_count_6h,error_count_24h,maint_count_6h,maint_count_24h,hour,day_of_week,is_weekend,is_working_hours,hours_since_maint,hours_since_error,model_prediction,prediction_correct,probability_class_0,probability_class_1,probability_class_2,probability_class_3,probability_class_4,max_prediction_probability,predicted_class_probability,uncertainty_score_entropy,is_uncertain_entropy,uncertainty_score_margin,is_uncertain_margin,uncertainty_score_confidence,is_uncertain_confidence,uncertainty_consensus_count,is_uncertain_consensus,analysis_timestamp,machine_number,uncertainty_threshold_used
2015-06-28 06:00:00,0.6935264744570072,0.4029668177981086,0.1859434385227004,0.847001267659753,5,0,0,1,0.6935264744570072,0.8503737654785656,0.4896996031392652,0.6056906093944662,0.6020809146356357,0.1266850918783165,0.3849985854645371,0.9300389816438612,0.5946939209362676,0.1129717301592321,0.4029668177981086,0.5825777113570036,0.4826788660435978,0.5514118983316016,0.6097150011035158,0.1464670869737438,0.3176753681138914,0.8844736987328348,0.5783783210775325,0.1473042984987157,0.1859434385227004,0.348527973702972,0.3448435989155674,0.486116574180838,0.378587426049331,0.0987020331562669,0.1859434385227004,0.5613228615993651,0.304261129977273,0.105067868303126,0.847001267659753,0.6955897493905224,0.607356741706622,0.6205064316251535,0.7091375891673337,0.1130344655496119,0.5049450708922094,0.9203724793706066,0.7905725348558921,0.1176628706524861,1.0,0.0,0.0,0.0,0.0,0.0,6.0,6.0,0.0,0.0,6,6,1,0,337,0,1,True,0.0025939017273618153,0.9254345429604741,0.0033652916542826245,0.0014664367737513317,0.06713982688413019,0.9254345429604741,[0.92543454],0.29723363383826423,True,0.8582947160763439,False,0.9254345429604741,False,1,False,2025-07-25 13:25:48.851583,98,0.2
2015-11-26 06:00:00,0.5106473375031785,0.4559835301756573,0.4576300602683649,0.2079417877141799,0,2,3,3,0.2318431678605147,0.3418701203223612,0.6155412917331776,0.3794658036635215,0.4624866883683829,0.1137306772389588,0.2318431678605147,0.6634658310150495,0.4759407815950416,0.1334923415442002,0.6601712091248362,0.5454265058554175,0.4730859856373952,0.3813798044220095,0.5740553179815059,0.1012621133488765,0.3683123933068482,0.8114603965480744,0.5787903195638172,0.1000927791396528,0.8013818459923105,0.7103136196954907,0.616458115212619,0.5239477898109821,0.6330875915533344,0.0896842899403739,0.4576300602683649,0.8329483691296249,0.6387892189819805,0.1283705090915478,0.533029386602928,0.6426531862081725,0.5111092820950673,0.3948719721581112,0.4851582195508084,0.1026325229711081,0.2079417877141799,0.6877342613049714,0.4455016056988477,0.1591491450109405,0.0,0.0,0.0,0.0,0.0,0.0,0.0,0.0,2.0,2.0,6,3,0,0,0,24,3,True,0.05691868039779379,0.003511532894213095,0.005259793357869683,0.9317927183941278,0.002517274955995716,0.9317927183941278,[0.93179272],0.29147542572373647,True,0.874874037996334,False,0.9317927183941278,False,1,False,2025-07-25 13:25:48.851583,98,0.2
2015-08-28 06:00:00,0.678045239393185,0.468047022737293,0.3498349742911503,0.3995355084760988,0,2,2,2,0.3636405277742719,0.3626085632269985,0.4295595201822612,0.5309541397534071,0.4237861886916254,0.1365302850004545,0.23424419130066,0.6973508558389893,0.4920191680059603,0.1727712399210185,0.436949100399667,0.2878425730661277,0.5291777649488592,0.5435690293137057,0.4049790582166699,0.0943907689486273,0.2083957270983767,0.5578489553860808,0.3977189468532547,0.115374127904099,0.4088174880894099,0.438406711800825,0.3236023478755643,0.427897068683737,0.3791606510884045,0.0855190303187704,0.20173981643239,0.5040760398356008,0.3991828233817829,0.0668811964333387,0.5087735756002882,0.5087002495118069,0.539889932683075,0.5143642949294998,0.4736033240640006,0.1022038152771229,0.284793204016659,0.7360034216270802,0.4869763429242765,0.1153995130602514,0.0,0.0,0.0,0.0,0.0,0.0,0.0,0.0,2.0,2.0,6,4,0,0,0,24,2,True,0.05126768545507892,0.0021189114858404696,0.9389538556521174,0.002604923893016582,0.005054623513946529,0.9389538556521174,[0.93895386],0.2667164671148563,True,0.8876861701970385,False,0.9389538556521174,False,1,False,2025-07-25 13:25:48.851583,98,0.2
2015-07-29 06:00:00,0.3448951308447546,0.6271955228166035,0.7015186415451455,0.4722313689248419,0,2,3,3,0.3509273529496045,0.5697040645519978,0.4697023787928628,0.5722539316252754,0.4552797067373853,0.094629799243245,0.3320708230203438,0.7861824292675327,0.415428415375409,0.0713841863492544,0.7460429203068157,0.7033193713067689,0.6249111087340391,0.5915823040387522,0.6035807091755517,0.1391931468336051,0.2913505497140738,0.8600537703019018,0.5992187363344647,0.1447225004333985,0.6532235128354409,0.8538628183314754,0.7255472566618784,0.6451593879233941,0.6530198015116938,0.0934288215426384,0.4894954148147978,0.8538628183314754,0.6486933031788659,0.071617018737341,0.3242647902128321,0.4112739365952222,0.6742258162421327,0.5366091517187653,0.4689857870975646,0.1418179365591503,0.229950231452378,0.77160970449412,0.4167355674573041,0.1296181594781245,0.0,0.0,0.0,0.0,0.0,0.0,0.0,0.0,2.0,2.0,6,2,0,0,0,24,3,True,0.04882038440799551,0.00786869645046019,0.0024115250408461753,0.937778867064689,0.003120527036009003,0.937778867064689,[0.93777887],0.2783252272951333,True,0.8889584826566935,False,0.937778867064689,False,1,False,2025-07-25 13:25:48.851583,98,0.2
2015-02-14 06:00:00,0.6808901998071045,0.5292997442621905,0.4343420943327212,0.4266917157954549,0,1,1,1,0.4436945290881925,0.5831225946092017,0.3516672022925947,0.6445655013135488,0.6292874563694789,0.1227655488667028,0.3516672022925947,0.8557958639763067,0.5841698603886193,0.0902055418487242,0.4427373214048363,0.5117631139604473,0.4322244499804413,0.7318024292562606,0.589093356758133,0.1054588898930997,0.4322244499804413,0.7894487264829158,0.612639719143483,0.1189370039146971,0.4424753513541855,0.3896214364330174,0.4968612882213463,0.4457219362581401,0.4558975550411679,0.0824808519043887,0.2765312220546501,0.6222877777821407,0.4415419627811598,0.035939689170847,0.415375456604112,0.2523412740771156,0.3822930698334996,0.5017952604921138,0.4385400832427084,0.1408405137137421,0.1793839452043416,0.6868577191915471,0.4207594703831653,0.0458291583607242,0.0,0.0,0.0,0.0,0.0,0.0,0.0,0.0,1.0,1.0,6,5,1,0,0,24,1,True,0.0377063192481724,0.9541347948291606,0.0020015139120168057,0.00488212369574699,0.0012752483149031696,0.9541347948291606,[0.95413479],0.21531518506910347,True,0.9164284755809883,False,0.9541347948291606,False,1,False,2025-07-25 13:25:48.851583,98,0.2
2015-06-14 04:00:00,0.5027052338057986,0.4298978555292728,0.4017618905010388,0.5473096799008245,0,0,0,2,0.3413170908753168,0.4446123688165647,0.42134047576108,0.5927924055498487,0.430606823656069,0.0849655126567173,0.2980598130141886,0.6076664178606738,0.4068512214648244,0.0841145315403669,0.4520443305367124,0.4674064447391576,0.5229903134738452,0.5714642020065677,0.4774824600560283,0.1177254630830284,0.2646524812588769,0.7048261817569759,0.4105011991044028,0.1030737089877278,0.3337545091197077,0.3342248609563303,0.3303815781342819,0.4646806052859797,0.3834502821671073,0.0923418738822594,0.1494918488552842,0.5716502583424687,0.3822559229337184,0.0579418993689297,0.7313981483935913,0.9144948317354854,0.864390986321813,0.6608170451990473,0.6589690505719926,0.1457466920655571,0.4369801254338099,0.9816728501764714,0.7579048964488478,0.1672372531868866,0.0,0.0,0.0,0.0,0.0,0.0,0.0,5.0,0.0,0.0,4,6,1,0,359,22,2,True,0.0017402276367795818,0.0007082660947278361,0.960348328970018,0.0006577876338865447,0.03654538966458813,0.960348328970018,[0.96034833],0.18080410706169614,False,0.9238029393054299,False,0.960348328970018,False,0,False,2025-07-25 13:25:48.851583,98,0.2
2015-06-14 05:00:00,0.4652529458385298,0.4077470602314725,0.1983296037192794,0.5427798872998667,0,0,0,2,0.5027052338057986,0.4731720963682052,0.443299389712949,0.4745335692741695,0.4302201310129174,0.0847778139292479,0.2980598130141886,0.6076664178606738,0.4055313630432118,0.0829193860151299,0.4298978555292728,0.3041291447584531,0.5195223404537717,0.7048261817569759,0.465104163325799,0.1079984041367326,0.2646524812588769,0.7048261817569759,0.4277708516832393,0.0894696298823523,0.4017618905010388,0.4108954098513671,0.3928970178978141,0.2927434089216553,0.3795163736170082,0.0981994447689714,0.1494918488552842,0.5716502583424687,0.3468282885783704,0.0919394208652245,0.5473096799008245,0.9816728501764714,0.7654921356148868,0.6594454857724582,0.654107983968968,0.1476630764144485,0.4369801254338099,0.9816728501764714,0.6847560693027469,0.1441829818225957,0.0,0.0,0.0,0.0,0.0,0.0,0.0,3.0,0.0,0.0,5,6,1,0,360,23,2,True,0.003500555736716417,0.0008980341495819194,0.9593726197674153,0.0008521055957844776,0.035376684750501916,0.9593726197674153,[0.95937262],0.19012658045120523,False,0.9239959350169134,False,0.9593726197674153,False,0,False,2025-07-25 13:25:48.851583,98,0.2
2015-08-13 06:00:00,0.4613534819281123,0.6333351461634746,0.377653169947613,0.8467529098518144,0,4,1,1,0.5186860913920267,0.6126960229158721,0.7745356712319659,0.6609355634202324,0.6768757927027756,0.1285500087655132,0.3955440089103544,0.8974330280880826,0.6042851138078945,0.1079236739127453,0.8228281343597372,0.5844313266264951,0.760437560536664,0.5797413799860089,0.5833998702376072,0.1082854315768151,0.4049898298629655,0.8228281343597372,0.6363908667603133,0.1242858795796218,0.2505270917906689,0.4143173565089622,0.5468681934567383,0.4076562343477714,0.3928971715060354,0.0936884240036613,0.2169669082565626,0.5468681934567383,0.3140322721546897,0.0867769959990879,0.5039082948360321,0.2633660050385762,0.3919412733285792,0.5253913575065146,0.4661978948959961,0.122671476512231,0.2633660050385762,0.8467529098518144,0.5381764976353588,0.1653567667157905,0.0,0.0,0.0,0.0,0.0,0.0,0.0,0.0,4.0,4.0,6,3,0,0,0,24,1,True,0.029772188518621286,0.9597286125916736,0.00206630202491841,0.0022175929195316787,0.006215303945255195,0.9597286125916736,[0.95972861],0.2019788960933474,True,0.9299564240730523,False,0.9597286125916736,False,1,False,2025-07-25 13:25:48.851583,98,0.2
2015-03-01 06:00:00,0.5294489626494064,0.6215055862004129,0.4900321909950988,0.901376217432932,0,4,4,4,0.5267346600244543,0.436413693723373,0.3529828380944438,0.4168316582940109,0.4662598570262181,0.1128996796135705,0.2223051847954066,0.660913866426084,0.5439077372512449,0.0454980142422504,0.5866873189453872,0.6800843306852817,0.6868968493704144,0.5149475598855522,0.6004978183186158,0.109040340807496,0.3245345186525195,0.7870777300850731,0.5920628383318326,0.0813655881516263,0.3899729575606999,0.3888957579032778,0.4504398151279118,0.3230758251190859,0.4129106070959921,0.0899370590551552,0.2122876994227726,0.5597426354151684,0.4371341685428743,0.0478657473382091,0.7469615940393616,0.5302534424232127,0.7792636520899122,0.726913615334818,0.6630599646682088,0.1371873956307428,0.3498720436400689,0.901376217432932,0.7099199526834274,0.1115749625848255,0.0,0.0,0.0,0.0,0.0,0.0,0.0,4.0,4.0,4.0,6,6,1,0,0,14,4,True,0.01957642182939859,0.0019760139721427556,0.003879909127332791,0.0027367211239817265,0.9718309339471441,0.9718309339471441,[0.97183093],0.15476541942366273,False,0.9522545121177456,False,0.9718309339471441,False,0,False,2025-07-25 13:25:48.851583,98,0.2
2015-04-30 06:00:00,0.3100396970327302,0.3672140357199332,0.2699106013973427,0.583012866782474,0,4,2,4,0.3100396970327302,0.7950127082484236,0.4835819360964323,0.4825563947476358,0.4519535883005155,0.1376911766392471,0.2270346223764551,0.7950127082484236,0.3681336228312643,0.0697673316090691,0.3672140357199332,0.5539858162345099,0.4620144344619719,0.6081051077744999,0.415140752037527,0.1011957993710504,0.1830764234788327,0.6321220145675961,0.3908027788135482,0.0821939128560264,0.2699106013973427,0.3962980199407632,0.1791032749820289,0.3225532585401004,0.3864100332786837,0.1077126421891844,0.1791032749820289,0.5836437985777616,0.3465932236016921,0.098984468102405,0.583012866782474,0.6540863202541193,0.8209914643356339,0.8578756705926073,0.6805761891174226,0.0949142572262518,0.5094737599351343,0.8585150321836484,0.6618597335730166,0.0909138110616981,0.0,0.0,0.0,2.0,0.0,0.0,0.0,0.0,8.0,8.0,6,3,0,0,0,26,4,True,0.014975608315092225,0.001318602737884885,0.005535827861654424,0.0013645968286058964,0.9768053642567627,0.9768053642567627,[0.97680536],0.13235405273049025,False,0.9618297559416704,False,0.9768053642567627,False,0,False,2025-07-25 13:25:48.851583,98,0.2
2015-04-29 13:00:00,0.5981529953874697,0.5039210009347423,0.4620446775517501,0.7495311312614384,0,0,0,4,0.4681417574065541,0.5229993395108242,0.3088206129821015,0.2530929450498161,0.4531217498202908,0.1471898747029495,0.1065363082926541,0.7072782225436555,0.5108612551847782,0.0522387646103212,0.5466181768138056,0.5430726313667957,0.1964975357436878,0.5489834415292758,0.4144618989861217,0.0910685697958578,0.1964975357436878,0.6081051077744999,0.4616864513575385,0.1081453645154537,0.2033404936877426,0.5022736796206217,0.4347963386574099,0.6730167768726574,0.3739507229891394,0.0841216235061521,0.2033404936877426,0.5022736796206217,0.3688141386409521,0.1137122636904485,0.5094737599351343,0.8270203788704064,0.5267745217140516,0.6901356275044223,0.6617991624777856,0.1251530379567141,0.4757454263053381,0.960345170252691,0.6842741614819027,0.1326518189863101,0.0,0.0,0.0,0.0,0.0,0.0,0.0,10.0,0.0,0.0,13,2,0,1,345,7,4,True,0.002446494600407032,0.000847313422183975,0.016792359614424768,0.0012195088420835826,0.9786943235209006,0.9786943235209006,[0.97869432],0.11859111557581307,False,0.9619019639064759,False,0.9786943235209006,False,0,False,2025-07-25 13:25:48.851583,98,0.2
2015-04-30 06:00:00,0.3100396970327302,0.3672140357199332,0.2699106013973427,0.583012866782474,0,2,2,4,0.3100396970327302,0.4050343925022527,0.3439778386941722,0.5229993395108242,0.4591417840386366,0.1344248098049636,0.2270346223764551,0.7950127082484236,0.4489624580338798,0.1811013244291071,0.3672140357199332,0.6321220145675961,0.4027947576776569,0.5430726313667957,0.4251778800398005,0.107956106934241,0.1830764234788327,0.6321220145675961,0.4219314088993109,0.1039591475417315,0.2699106013973427,0.4851075488565763,0.5306615074063092,0.5022736796206217,0.3886034773262986,0.1057553384279035,0.1791032749820289,0.5836437985777616,0.3676577933589289,0.0926473639821538,0.583012866782474,0.826563089981326,0.6067479295215986,0.8270203788704064,0.6920288059428447,0.0991198394271327,0.5094737599351343,0.8585150321836484,0.6737053091516242,0.0828592744308331,0.0,0.0,0.0,2.0,0.0,0.0,0.0,0.0,4.0,4.0,6,3,0,0,0,25,4,True,0.010024432805081154,0.0011046215816269643,0.0052711840422735405,0.0017622626008642463,0.981837498970154,0.981837498970154,[0.9818375],0.11048163427662112,False,0.9718130661650729,False,0.981837498970154,False,0,False,2025-07-25 13:25:48.851583,98,0.2
2015-06-14 03:00:00,0.3413170908753168,0.4520443305367124,0.3337545091197077,0.7313981483935913,0,0,0,2,0.4667593593586651,0.3472175735433432,0.4499440116072818,0.5051486796566808,0.4343604558120711,0.0901226241842881,0.2980598130141886,0.6076664178606738,0.3971690772999521,0.0735550421860484,0.5800231613519597,0.3830473939276893,0.4844433757116446,0.3330503806764449,0.4833810578259156,0.1187794407318397,0.2646524812588769,0.7048261817569759,0.4167526306393836,0.1055920846894331,0.3989531625924131,0.305950350347153,0.4636903251323956,0.3693764015159392,0.3860718952831464,0.0937665000724625,0.1494918488552842,0.5716502583424687,0.3709997513429337,0.0599209650507186,0.6328431540262406,0.5311984584383402,0.4628026383294804,0.2144279778833715,0.6636985241260853,0.1437943927140856,0.4369801254338099,0.9816728501764714,0.8191024217546246,0.1396715677912518,0.0,0.0,0.0,0.0,0.0,0.0,0.0,5.0,0.0,0.0,3,6,1,0,358,21,2,True,0.0013981497809447774,0.0004718600312986101,0.9851520335548891,0.0005245624119516627,0.012453394220915884,0.9851520335548891,[0.98515203],0.08612018267482222,False,0.9726986393339733,False,0.9851520335548891,False,0,False,2025-07-25 13:25:48.851583,98,0.2
2015-08-28 05:00:00,0.3636405277742719,0.436949100399667,0.4088174880894099,0.5087735756002882,0,0,0,2,0.5313872309880218,0.2406986436763373,0.2922291035996701,0.5309541397534071,0.4176573928733013,0.1276319000890348,0.23424419130066,0.6973508558389893,0.4394463886449293,0.1515305443362893,0.2083957270983767,0.5328601044925303,0.3043310554473018,0.5435690293137057,0.4081258084906871,0.0977826249541868,0.2083957270983767,0.5578489553860808,0.3676848719080605,0.1168507186630302,0.4503903649963413,0.3675923179562155,0.5040760398356008,0.427897068683737,0.3824132383547623,0.0858390667823392,0.20173981643239,0.5040760398356008,0.4139447796333953,0.063500052410001,0.6273118813923299,0.4617584419075538,0.7360034216270802,0.5143642949294998,0.4783878568328922,0.1012691785516167,0.284793204016659,0.7360034216270802,0.5051704664302279,0.1071681947970078,0.0,0.0,0.0,0.0,0.0,0.0,0.0,2.0,0.0,0.0,5,4,0,0,360,23,2,True,0.009617104112540733,0.0020369907689668314,0.9830216825081208,0.0020124938324318415,0.003311728777939813,0.9830216825081208,[0.98302168],0.10552424504364588,False,0.9734045783955801,False,0.9830216825081208,False,0,False,2025-07-25 13:25:48.851583,98,0.2
2015-04-30 00:00:00,0.2270346223764551,0.2514681077464345,0.3882703932529745,0.6675872184162078,0,0,0,4,0.3789545224607343,0.238948745039964,0.4681417574065541,0.2108226469444255,0.4684637098731398,0.1168136396899664,0.2270346223764551,0.7529696627027652,0.4001519326010722,0.1046861594055192,0.4267644038939402,0.3776787127908331,0.5466181768138056,0.465628570694292,0.4103137117234222,0.1030721113797555,0.1830764234788327,0.6081051077744999,0.3899836920224818,0.0755909272666489,0.3615015797276086,0.3682480591258831,0.2033404936877426,0.5022584012732372,0.3890138948212425,0.0991123811732235,0.1791032749820289,0.5836437985777616,0.3899049974644467,0.1273331760820525,0.6545120480828498,0.7789119015093601,0.5094737599351343,0.5735747089649103,0.6714914711440301,0.1048590008943336,0.5094737599351343,0.8585150321836484,0.6842752681165972,0.0769932621365979,0.0,0.0,0.0,0.0,0.0,0.0,0.0,10.0,0.0,0.0,0,3,0,0,356,18,4,True,0.001162714548672833,0.0004397577037087007,0.011734377283245905,0.0007323919498005263,0.9859307585145719,0.9859307585145719,[0.98593076],0.08267459041669172,False,0.974196381231326,False,0.9859307585145719,False,0,False,2025-07-25 13:25:48.851583,98,0.2
2015-04-14 19:00:00,0.8477799999089778,0.5811690828799236,0.7086380757995723,0.2486572345301875,0,0,0,3,0.4242515905802525,0.4899303628443957,0.3448857960442041,0.4856094536404777,0.4716252903649034,0.1324721964968238,0.2780584851529216,0.8477799999089778,0.540735630941885,0.1741823269186643,0.6156108019208582,0.6572711672141764,0.4876224291687326,0.8062723183553362,0.5745004085725871,0.0898007387138254,0.3954498985999683,0.7482728176441591,0.5642821356826115,0.079559999514409,0.527515566984289,0.5761996899985409,0.5747680678052947,0.6322469884363786,0.6560749287123798,0.0743995156701034,0.527515566984289,0.7788341380394332,0.6519736484176407,0.0972172770299022,0.4733187759611048,0.5512524250390273,0.4054059706401574,0.4235894469964819,0.448963050382653,0.1118717978821583,0.2486572345301875,0.6492974427767965,0.4339794070332397,0.123051450295917,0.0,0.0,0.0,0.0,0.0,0.0,0.0,4.0,0.0,0.0,19,1,0,0,349,13,3,True,0.0037400822620535542,0.009200664787010808,0.002412579524502519,0.9840322276935564,0.0006144457328767311,0.9840322276935564,[0.98403223],0.09896318921841094,False,0.9748315629065456,False,0.9840322276935564,False,0,False,2025-07-25 13:25:48.851583,98,0.2
2015-04-29 06:00:00,0.5478922605383797,0.3832556994654201,0.3537385058461381,0.5895523745931986,5,0,0,4,0.5478922605383797,0.2108226469444255,0.228254856828333,0.3389622161671607,0.4366684055073135,0.1670498138385502,0.1065363082926541,0.7435929978562407,0.4665893368704641,0.1126471263072959,0.3832556994654201,0.465628570694292,0.3605783452648283,0.4359752187130349,0.4175718165158132,0.0881721835695907,0.1964975357436878,0.5567842185806338,0.3773162995005975,0.100876677247991,0.3537385058461381,0.5022584012732372,0.2781425188742517,0.5577295347077413,0.3909942284451133,0.0923573322344232,0.2400653861039742,0.6730167768726574,0.3664384415446971,0.0392354391206342,0.5895523745931986,0.5735747089649103,0.7024503850764064,0.4748195633369808,0.6800967967631931,0.1250866030635121,0.4757454263053381,0.960345170252691,0.5914797551415188,0.0502135490256068,3.0,0.0,0.0,0.0,0.0,0.0,10.0,10.0,0.0,0.0,6,2,0,0,338,0,4,True,0.001841953006337563,0.0007684280446727344,0.010617907762689702,0.0010427104062533713,0.9857290007800467,0.9857290007800467,[0.985729],0.08669768442075813,False,0.975111093017357,False,0.9857290007800467,False,0,False,2025-07-25 13:25:48.851583,98,0.2
2015-02-13 06:00:00,0.6445655013135488,0.7318024292562606,0.4457219362581401,0.5017952604921138,1,0,0,1,0.4417981618631649,0.5331255005939267,0.8086616138805621,0.6384790183544967,0.5943004253626628,0.1297488161228656,0.2795291711850446,0.8086616138805621,0.6158314634666046,0.1301668987351064,0.7382154365869606,0.4505434751304709,0.5201091911569256,0.6455428425476126,0.584155374525486,0.1101178416470332,0.4100003262899971,0.8645451475409527,0.6286365540883153,0.1208711797467168,0.474533867523508,0.3355417047328867,0.3611782688688689,0.3194053065992591,0.4151240329477193,0.0826529043937281,0.2371362494532485,0.5949332716843845,0.407301310771073,0.0734110168041933,0.4186587559226736,0.713764709225473,0.50272198390708,0.3955181608494732,0.4186829422849962,0.0951688192521817,0.2694722095433328,0.713764709225473,0.445438806403711,0.0292693888085976,0.0,0.0,0.0,0.0,0.0,0.0,1.0,1.0,0.0,0.0,6,4,0,0,336,0,1,True,0.010709386024023425,0.9859959451066342,0.0011155891047281087,0.0012539436321104894,0.0009251361325038086,0.9859959451066342,[0.98599595],0.08491507899875861,False,0.9752865590826109,False,0.9859959451066342,False,0,False,2025-07-25 13:25:48.851583,98,0.2
2015-06-29 06:00:00,0.9565118322670952,0.4660959844698287,0.3120868651457864,0.6831171887922888,0,4,1,4,0.9565118322670952,0.6727892515181554,0.6615360099154924,0.564570973567902,0.6499975046235926,0.1587805501627715,0.4338451318772708,0.9565118322670952,0.7252034574534189,0.2558469037163812,0.4660959844698287,0.6197132072292475,0.5881756759528034,0.8101553755301993,0.5858265232361687,0.1057927669276728,0.4409573549298268,0.8206672154184562,0.4900259111846481,0.0632515727305997,0.3120868651457864,0.5303895272206405,0.4304157618636649,0.3635965706923882,0.3882743508985204,0.0893761844074152,0.1598481752584524,0.5338385648721473,0.3494154916822047,0.0605740823596672,0.6831171887922888,0.6094174062879566,0.6868213602716663,0.8160355903968001,0.7045278105550107,0.0956042778028452,0.551764070182334,0.8702463986238375,0.6812149421873621,0.0984312867202063,0.0,0.0,0.0,1.0,0.0,0.0,0.0,0.0,6.0,6.0,6,0,0,0,0,26,4,True,0.009106863543824619,0.00323411651542617,0.001660674761621967,0.0010909463264505074,0.9849073988526768,0.9849073988526768,[0.9849074],0.0943834463037256,False,0.9758005353088521,False,0.9849073988526768,False,0,False,2025-07-25 13:25:48.851583,98,0.2
2015-04-29 12:00:00,0.4681417574065541,0.5466181768138056,0.2033404936877426,0.5094737599351343,0,0,0,4,0.5156291208417015,0.5478922605383797,0.2108226469444255,0.5434086819716691,0.4387442477228886,0.1492456569750875,0.1065363082926541,0.7072782225436555,0.4983356458720039,0.0323437242494347,0.4100950543064193,0.3832556994654201,0.465628570694292,0.4860742972370218,0.4163395006775605,0.0934271737956792,0.1964975357436878,0.6081051077744999,0.468211723096214,0.112304565732503,0.5008922406780121,0.3537385058461381,0.5022584012732372,0.4037145953479462,0.3827412271275106,0.102699160085674,0.2033404936877426,0.6730167768726574,0.3755189723190973,0.1212453557815945,0.5746577565058816,0.5895523745931986,0.5735747089649103,0.9076960830515908,0.6593243498212432,0.1239239898669287,0.4757454263053381,0.960345170252691,0.6971890360833971,0.1435964985366765,0.0,5.0,0.0,0.0,0.0,0.0,0.0,10.0,0.0,0.0,12,2,0,1,344,6,4,True,0.0016056915807408536,0.00046526313121807085,0.010625518793042871,0.0006232249076382212,0.9866803015873599,0.9866803015873599,[0.9866803],0.08001926828173882,False,0.976054782794317,False,0.9866803015873599,False,0,False,2025-07-25 13:25:48.851583,98,0.2
2015-05-15 05:00:00,0.2891316627609456,0.6394409555951575,0.6302606171737364,0.7161505093314205,0,0,0,1,0.6133824340529804,0.6953036380616623,0.6677538725704529,0.660965144813528,0.6128206719285783,0.1384197787159091,0.2891316627609456,0.945268259654117,0.5219534093436325,0.1388247913303825,0.8344386338652965,0.4023953166756678,0.8963842981676489,0.693535271988134,0.5895958408112302,0.1508734616823747,0.3606887924567073,0.8963842981676489,0.6202808137092358,0.2031918886529484,0.3600448061557351,0.2972711635532677,0.3385769252284473,0.3805384650462827,0.4022747192000792,0.0965104462380331,0.2634477445556717,0.6302606171737364,0.4082631642702712,0.1206676993999872,0.5147714034083215,0.4127829483602273,0.3043333136022481,0.3202880735772135,0.4734602313237144,0.1162811572475878,0.2941306012548419,0.7161505093314205,0.5315550305788009,0.100483326995781,0.0,0.0,0.0,0.0,0.0,0.0,0.0,1.0,0.0,0.0,5,4,0,0,359,23,1,True,0.009154053671147555,0.9865594878742686,0.0017114764283668838,0.0018654739456392508,0.0007095080805778406,0.9865594878742686,[0.98655949],0.08408534003538796,False,0.9774054342031211,False,0.9865594878742686,False,0,False,2025-07-25 13:25:48.851583,98,0.2
2015-06-29 06:00:00,0.9565118322670952,0.4660959844698287,0.3120868651457864,0.6831171887922888,0,1,1,4,0.503210032999657,0.8253546660864753,0.4888983795461191,0.6935264744570072,0.6139397864930461,0.13120122314232,0.4338451318772708,0.9565118322670952,0.6363547378908517,0.1876112758633218,0.4849768725700812,0.5234702394181299,0.4985251070662819,0.4029668177981086,0.6144711774358768,0.1159858115298009,0.4409573549298268,0.8206672154184562,0.5225194466373301,0.0770007659130493,0.3599145840855258,0.4092739283761313,0.429135045475311,0.1859434385227004,0.3945332774770473,0.0865505929370747,0.1598481752584524,0.5338385648721473,0.4050228792283266,0.0846685191567601,0.6026893584563681,0.7737630157980032,0.6216602356652455,0.847001267659753,0.7054530427012433,0.1019755531712915,0.551764070182334,0.8702463986238375,0.6470394586683142,0.1125530864296573,0.0,0.0,0.0,0.0,0.0,0.0,0.0,0.0,1.0,1.0,6,0,0,0,0,24,4,True,0.0067338324491474505,0.006702872184373208,0.0013365222124820054,0.001041951382263928,0.9841848217717335,0.9841848217717335,[0.98418482],0.09891148114931154,False,0.977450989322586,False,0.9841848217717335,False,0,False,2025-07-25 13:25:48.851583,98,0.2
2015-04-14 20:00:00,0.5814951359385542,0.6721855065248934,0.6121113848666888,0.6055087404619842,0,0,0,3,0.8477799999089778,0.6253596828053888,0.430392704406518,0.3465151596121131,0.4814161227118385,0.1315034292864539,0.2780584851529216,0.8477799999089778,0.5334248731307459,0.1708079852168159,0.5811690828799236,0.4949288254759231,0.6853333385326557,0.6587068208502691,0.5750620204756964,0.0903904718416957,0.3954498985999683,0.7482728176441591,0.5938249158574399,0.0815420974140556,0.7086380757995723,0.6990750954875775,0.6267889448022834,0.6572056074069161,0.6541960027732038,0.0749371935526188,0.527515566984289,0.7788341380394332,0.6374796966474925,0.0952533471090388,0.2486572345301875,0.5360780613010702,0.5704406505050038,0.2649289492893099,0.4631538750148478,0.1090785068972099,0.2486572345301875,0.6492974427767965,0.4455511868933921,0.1370423566552029,0.0,0.0,0.0,0.0,0.0,0.0,0.0,4.0,0.0,0.0,20,1,0,0,350,14,3,True,0.003560314347601276,0.008283777440112987,0.0014436314154837736,0.9859214037380912,0.0007908730587106222,0.9859214037380912,[0.9859214],0.08885058420823468,False,0.9776376262979782,False,0.9859214037380912,False,0,False,2025-07-25 13:25:48.851583,98,0.2
2015-03-01 01:00:00,0.4908556305715735,0.4729556578982268,0.4755573111340798,0.6937298580401795,0,0,0,4,0.436413693723373,0.3287066329759668,0.44928101088328,0.4812129480390351,0.4531056341598097,0.1257442949981179,0.2223051847954066,0.7502632635054881,0.402079900494891,0.1358353286797189,0.6800843306852817,0.5692440131126559,0.666053086457731,0.5338208999451333,0.5885298910776445,0.1150933848520231,0.3245345186525195,0.7870777300850731,0.6146766472755417,0.0956275365310699,0.3888957579032778,0.4440044712244898,0.4669538844884255,0.3959612852482665,0.4138386019945601,0.0939978508563118,0.2122876994227726,0.5597426354151684,0.4264439536847881,0.0787422986399373,0.5302534424232127,0.8286503270172073,0.5207143853644028,0.7087473668984189,0.6556171634681489,0.1271735610662956,0.3498720436400689,0.8849552173773639,0.5291626976808322,0.1395309904345012,0.0,0.0,0.0,0.0,0.0,0.0,0.0,9.0,0.0,0.0,1,6,1,0,355,9,4,True,0.005709056852498461,0.0019669050792539217,0.006599687340874653,0.0012391910442342217,0.9844851596831387,0.9844851596831387,[0.98448516],0.0985710455366558,False,0.977885472342264,False,0.9844851596831387,False,0,False,2025-07-25 13:25:48.851583,98,0.2
2015-04-30 06:00:00,0.3100396970327302,0.3672140357199332,0.2699106013973427,0.583012866782474,0,2,4,4,0.4387657890635669,0.2270346223764551,0.238948745039964,0.5478922605383797,0.4680151024752239,0.1311433624130199,0.2270346223764551,0.7950127082484236,0.4647949072788002,0.170361140682078,0.4418649378662876,0.2514681077464345,0.3776787127908331,0.3832556994654201,0.4325053215250865,0.1098031351286725,0.1830764234788327,0.6321220145675961,0.4660827387072548,0.1292498216855312,0.3866808182067253,0.3882703932529745,0.3682480591258831,0.3537385058461381,0.3982852722522685,0.1050506361050273,0.1791032749820289,0.5836437985777616,0.4035239512688012,0.0888136409511451,0.7907152932627067,0.6675872184162078,0.7789119015093601,0.5895523745931986,0.7021957856131754,0.0999622775418257,0.5094737599351343,0.8585150321836484,0.7142970130180996,0.0889747833002345,0.0,0.0,0.0,0.0,0.0,0.0,0.0,0.0,2.0,2.0,6,3,0,0,0,24,4,True,0.007431471356570631,0.0007245678722675608,0.005064093564570529,0.0008177394155876583,0.9859621277910037,0.9859621277910037,[0.98596213],0.08818671583108911,False,0.978530656434433,False,0.9859621277910037,False,0,False,2025-07-25 13:25:48.851583,98,0.2
2015-06-28 07:00:00,0.4830674558331723,0.8095082942024507,0.4107913974838274,0.5724043586973572,0,0,0,4,0.6935264744570072,0.6068578518338378,0.5678473239741585,0.6692282588404984,0.5943242145103305,0.1280864232046587,0.3849985854645371,0.9300389816438612,0.57406218826949,0.1213025599197173,0.4029668177981086,0.5678059644493252,0.6657356447227705,0.8411356878048664,0.6083971930367486,0.1444224059653366,0.3176753681138914,0.8844736987328348,0.6186620427030535,0.1743934644217095,0.1859434385227004,0.2854557776244351,0.4611242459017606,0.4567380139179162,0.3766729836979107,0.0975592841557738,0.1859434385227004,0.5613228615993651,0.3251503999538385,0.1127591874445675,0.847001267659753,0.8374522669377035,0.7718935389428198,0.7237364617042071,0.7028320848753816,0.1163567982091917,0.5049450708922094,0.9203724793706066,0.746397883482501,0.1434670697515171,5.0,0.0,0.0,0.0,0.0,0.0,6.0,6.0,0.0,0.0,7,6,1,0,338,1,4,True,0.0014801792123634429,0.00794132633436144,0.0013614410385975116,0.0007023269248160179,0.9885147264898617,0.9885147264898617,[0.98851473],0.07354909187511177,False,0.9805734001555003,False,0.9885147264898617,False,0,False,2025-07-25 13:25:48.851583,98,0.2
2015-02-14 05:00:00,0.4436945290881925,0.4427373214048363,0.4424753513541855,0.415375456604112,0,0,0,1,0.6482558877053556,0.7065430615597,0.5522125015395912,0.4417981618631649,0.6277739272655808,0.1223248235988292,0.3516672022925947,0.8557958639763067,0.5678752595223022,0.077121187108524,0.6377506072655308,0.4417027788471443,0.5137996168418513,0.7382154365869606,0.597530968632886,0.1085233386520953,0.4322244499804413,0.7894487264829158,0.6097169474265258,0.1215807032337009,0.4432983329020199,0.4986248779771509,0.4385214778649761,0.474533867523508,0.4563717151213937,0.0823842009111284,0.2765312220546501,0.6222877777821407,0.4340885197978758,0.0418781240392843,0.4157157755100124,0.602871082389551,0.4095915783991727,0.4186587559226736,0.4416693976050692,0.1413990603266657,0.1793839452043416,0.6868577191915471,0.3917010634301087,0.082176286121626,0.0,0.0,0.0,0.0,0.0,0.0,0.0,1.0,0.0,0.0,5,5,1,0,359,23,1,True,0.006959111492721359,0.9881491574442787,0.0011708809084821203,0.0030976952930915637,0.0006231548614261036,0.9881491574442787,[0.98814916],0.07674960355065807,False,0.9811900459515573,False,0.9881491574442787,False,0,False,2025-07-25 13:25:48.851583,98,0.2
2015-10-27 05:00:00,0.4506691527009846,0.5450357307024214,0.3575390810612014,0.3197482221203943,0,0,0,2,0.3542111138016058,0.2832215160172665,0.4846132658734897,0.5467871547122695,0.4550552064547033,0.144156692372615,0.27462037163395,0.8450277649182109,0.448824617551544,0.0750090862227706,0.5286949435119517,0.2691425500597543,0.1806019213057841,0.1584666062418012,0.2947362041870024,0.1513149522752765,0.0,0.6078638117596002,0.397043641924574,0.2228450603317925,0.4823450730999672,0.2597137912933442,0.4281299761301219,0.4243574849262517,0.4179363165232005,0.0812887995011703,0.2250432853301751,0.5582134439339899,0.4107127094559731,0.1138495129598311,0.3277424765121574,0.5844249160852973,0.4257709902230329,0.370855928930181,0.4311635036846979,0.0719561363792825,0.3097799781292153,0.5844249160852973,0.4214116326789364,0.0818476025341056,0.0,0.0,0.0,0.0,0.0,0.0,0.0,3.0,0.0,0.0,5,1,0,0,360,23,2,True,0.006213711583497335,0.00278715424850365,0.9875145847660932,0.001606678346075803,0.0018778710558298988,0.9875145847660932,[0.98751458],0.08250034063038221,False,0.9813008731825958,False,0.9875145847660932,False,0,False,2025-07-25 13:25:48.851583,98,0.2
2015-05-14 06:00:00,0.661503318583348,0.6801835815597046,0.307857543306296,0.6057252967041707,1,0,0,1,0.660965144813528,0.7716229217409211,0.6059222585668534,0.4084816300358699,0.5974714872122397,0.1401491441342718,0.2251070170717838,0.9514356852170256,0.5562706073539131,0.125268853248755,0.693535271988134,0.5107126037375047,0.5750358594495313,0.4765816792897491,0.6025547790150894,0.1027772858096392,0.4073728629914441,0.8180123708933671,0.6295203599583573,0.0881296908620242,0.3805384650462827,0.3969007393676234,0.2814023274497662,0.2665164417109268,0.3721261058292159,0.0559636889654091,0.2809969639751126,0.5002270371771829,0.3812471675021369,0.0518986546325549,0.3202880735772135,0.2621124408756899,0.4436947688155186,0.3238805075253854,0.4432761154269509,0.0966796138565873,0.2621124408756899,0.656350883380456,0.4276570872463039,0.1156412202674695,0.0,0.0,0.0,0.0,0.0,0.0,1.0,1.0,0.0,0.0,6,3,0,0,336,0,1,True,0.007571584862229366,0.9889291290036728,0.0017229268223435052,0.0009705754307898223,0.0008057838809643345,0.9889291290036728,[0.98892913],0.07142196766357237,False,0.9813575441414434,False,0.9889291290036728,False,0,False,2025-07-25 13:25:48.851583,98,0.2
2015-02-13 12:00:00,0.8263608417128429,0.6833549306565612,0.3382601188926718,0.6868577191915471,0,0,0,1,0.4736235341894298,0.6445655013135488,0.5331255005939267,0.7269772440776973,0.6075315890422496,0.1258410520830547,0.383656059729116,0.8263608417128429,0.6388868303687584,0.1365211926187825,0.5888990531827818,0.7318024292562606,0.4505434751304709,0.593343500407862,0.6061473840582877,0.1231663283067614,0.4100003262899971,0.8645451475409527,0.6843588211992565,0.0864902469747658,0.5495058060712683,0.4457219362581401,0.3355417047328867,0.5188991033844119,0.4272300053969,0.0945860900317978,0.2371362494532485,0.6222877777821407,0.5131627809953275,0.1013425050621745,0.6323271217200684,0.5017952604921138,0.713764709225473,0.5623661536695562,0.4614245100805059,0.1106185979004516,0.3011847508007721,0.713764709225473,0.523050493038618,0.1686443945587841,0.0,1.0,0.0,0.0,0.0,0.0,0.0,1.0,0.0,0.0,12,4,0,1,342,6,1,True,0.0066680743730157584,0.9881791490388989,0.0007469720863451414,0.002481356413903502,0.0019244480878366295,0.9881791490388989,[0.98817915],0.07745773097995848,False,0.9815110746658832,False,0.9881791490388989,False,0,False,2025-07-25 13:25:48.851583,98,0.2
2015-06-29 06:00:00,0.9565118322670952,0.4660959844698287,0.3120868651457864,0.6831171887922888,0,1,4,4,0.9565118322670952,0.7071420956406317,0.6008552807534243,0.4830674558331723,0.6336666355111262,0.145483448307634,0.4338451318772708,0.9565118322670952,0.677916360661929,0.229397235507915,0.4660959844698287,0.5074399744265012,0.6751707359516708,0.8095082942024507,0.6001623311970176,0.1119926593067614,0.4409573549298268,0.8206672154184562,0.5156287816445514,0.080395172457723,0.3120868651457864,0.4274285283476643,0.3154698583860532,0.4107913974838274,0.3904205886296288,0.0880761186551692,0.1598481752584524,0.5338385648721473,0.3857992686946803,0.091391024800457,0.6831171887922888,0.551764070182334,0.795245642951823,0.5724043586973572,0.710066077288532,0.0981266983050556,0.551764070182334,0.8702463986238375,0.6689316451033068,0.1026543543377744,0.0,0.0,0.0,1.0,0.0,0.0,0.0,0.0,2.0,2.0,6,0,0,0,0,25,4,True,0.005607279033799538,0.004922080071824404,0.001327353856150369,0.0009332163584092461,0.9872100706798164,0.9872100706798164,[0.98721007],0.08323431142638507,False,0.9816027916460168,False,0.9872100706798164,False,0,False,2025-07-25 13:25:48.851583,98,0.2
2015-05-14 14:00:00,0.4634056842313664,0.6144415886843482,0.4329399601860161,0.5147659407953262,0,0,0,1,0.5663174652352411,0.5711915834194484,0.3223353981895583,0.5660349552660092,0.6233702440980512,0.1456348211215049,0.3223353981895583,0.9514356852170256,0.5808691008481769,0.1256417146053786,0.5330170880056977,0.7118134908450422,0.4722674754691003,0.4073728629914441,0.591581758138913,0.1078552301514527,0.3606887924567073,0.8180123708933671,0.5389663118698417,0.0666113982282349,0.3741001318400686,0.4123858155383226,0.3421350709711938,0.2809969639751126,0.3845107026378625,0.0590191083348201,0.2814023274497662,0.5185149280742682,0.4051099064621096,0.068974781953022,0.4300456173413578,0.5355381612352781,0.4061188225986936,0.3974079436318884,0.4604837296206707,0.1067885725579134,0.2621124408756899,0.6636637110169169,0.5041666823848712,0.1032932551210562,0.0,0.0,0.0,0.0,0.0,0.0,0.0,1.0,0.0,0.0,14,3,0,1,344,8,1,True,0.006032427047242641,0.9881066310129492,0.0035167331796242675,0.0013753690315255996,0.0009688397286582972,0.9881066310129492,[0.98810663],0.07830757288228518,False,0.9820742039657065,False,0.9881066310129492,False,0,False,2025-07-25 13:25:48.851583,98,0.2
2015-04-29 20:00:00,0.4835819360964323,0.4620144344619719,0.1791032749820289,0.8209914643356339,0,0,0,4,0.3439778386941722,0.4940938812820742,0.4825563947476358,0.1065363082926541,0.4806455858465768,0.1391797777009135,0.2108226469444255,0.7529696627027652,0.4646634071691959,0.1761588737817575,0.4027947576776569,0.414239933466243,0.6081051077744999,0.344001765646241,0.4187176360343467,0.1023946731125846,0.1830764234788327,0.6081051077744999,0.3968511752308361,0.1145208739526274,0.5306615074063092,0.5836437985777616,0.3225532585401004,0.3472451270169624,0.3949037189241386,0.1005892166103643,0.1791032749820289,0.5836437985777616,0.3682058856665333,0.1247606809782912,0.6067479295215986,0.6336005030256303,0.8578756705926073,0.7295614305272634,0.6776457443895332,0.1101787104871804,0.5094737599351343,0.8585150321836484,0.7204564518296346,0.1173239098440986,0.0,0.0,0.0,0.0,0.0,0.0,0.0,10.0,0.0,0.0,20,2,0,0,352,14,4,True,0.0011490244395492874,0.00040105787139733105,0.007624746023105456,0.0005816203074794488,0.9902435513584684,0.9902435513584684,[0.99024355],0.06213696993100892,False,0.9826188053353629,False,0.9902435513584684,False,0,False,2025-07-25 13:25:48.851583,98,0.2
2015-04-30 05:00:00,0.4387657890635669,0.4418649378662876,0.3866808182067253,0.7907152932627067,0,0,0,4,0.4638455922616625,0.3789545224607343,0.5362216190552808,0.5478922605383797,0.477925625954626,0.1276261971974848,0.2270346223764551,0.7950127082484236,0.450960728169421,0.1879079892826544,0.5217094315012543,0.4267644038939402,0.5104071963787822,0.3832556994654201,0.4331737241811484,0.109436621744643,0.1830764234788327,0.6321220145675961,0.4467917507116716,0.1533487190123787,0.5180569633102814,0.3615015797276086,0.2803648065024362,0.3537385058461381,0.4017781016043016,0.1019443993972212,0.1791032749820289,0.5836437985777616,0.4232505832447398,0.0624253439054668,0.727414016045984,0.6545120480828498,0.8585150321836484,0.5895523745931986,0.7024682651052888,0.0996316471121566,0.5094737599351343,0.8585150321836484,0.7283927382903884,0.0683179351998306,0.0,0.0,0.0,0.0,0.0,0.0,0.0,5.0,0.0,0.0,5,3,0,0,361,23,4,True,0.0008830424869004575,0.0004050990129575793,0.007842307923246342,0.0003786815492208386,0.9904908690276748,0.9904908690276748,[0.99049087],0.05984264510826794,False,0.9826485611044284,False,0.9904908690276748,False,0,False,2025-07-25 13:25:48.851583,98,0.2
2015-08-27 17:00:00,0.2922291035996701,0.3043310554473018,0.5040760398356008,0.7360034216270802,0,0,0,2,0.6064235907922443,0.5142801857542633,0.5309541397534071,0.5099090368375007,0.4543178883311451,0.1414998972612018,0.2460063263371631,0.7109312556744055,0.3570778688229388,0.1282344708903571,0.3348090559107903,0.3926589161624683,0.5435690293137057,0.5031384609718235,0.4149812441269986,0.0952816662321843,0.2821896149802074,0.5772050061987464,0.3353248634942369,0.0459846552397268,0.2730634966510931,0.4259871851907968,0.427897068683737,0.366908789564913,0.3733456670233639,0.0990829801527388,0.1325463385053824,0.5226256976617172,0.4005024735381659,0.0829439707810773,0.525189148283075,0.4042666989166616,0.5143642949294998,0.6383358079952323,0.4564297458821445,0.1025638817259533,0.284793204016659,0.7360034216270802,0.5121344253668311,0.1557417210394001,0.0,0.0,3.0,0.0,0.0,0.0,0.0,5.0,0.0,0.0,17,3,0,1,348,11,2,True,0.0038222613745367983,0.0013026206779511737,0.9881300220454654,0.0012755481087648604,0.005469547793281685,0.9881300220454654,[0.98813002],0.07872044665341615,False,0.9826604742521837,False,0.9881300220454654,False,0,False,2025-07-25 13:25:48.851583,98,0.2
2015-04-15 01:00:00,0.2466672942864879,0.5345404134505871,0.5994890012432024,0.367353556678531,0,0,0,3,0.5256241339489759,0.8477799999089778,0.4899303628443957,0.6215119151768612,0.4466908257522868,0.1429702656043667,0.2429426779094264,0.8477799999089778,0.3914811511507065,0.1567252949915331,0.5962571761888869,0.5811690828799236,0.6572711672141764,0.5110155805473533,0.5745600022744545,0.0834044088146485,0.3954498985999683,0.7482728176441591,0.5809416371997739,0.0568130542778395,0.4859179592715934,0.7086380757995723,0.5761996899985409,0.6143842769009067,0.6575020569744553,0.0794715536583931,0.4859179592715934,0.7788341380394332,0.6229449212683923,0.0818722814456182,0.6078944803630527,0.2486572345301875,0.5512524250390273,0.4374233561747774,0.4614956497646158,0.1105278578034998,0.2486572345301875,0.6492974427767965,0.4865793933425257,0.1096714102336989,0.0,0.0,0.0,0.0,0.0,0.0,0.0,4.0,0.0,0.0,1,2,0,0,355,19,3,True,0.004963417627995937,0.0037691335717519214,0.002424362951081191,0.9876428470960017,0.0012002387531691446,0.9876428470960017,[0.98764285],0.0823217453120865,False,0.9826794294680058,False,0.9876428470960017,False,0,False,2025-07-25 13:25:48.851583,98,0.2
2015-11-25 06:00:00,0.3794658036635215,0.3813798044220095,0.5239477898109821,0.3948719721581112,4,0,0,3,0.6000156446065633,0.3816648483579702,0.3320960808185244,0.274372604490375,0.4257202207102928,0.1417010543573963,0.2158070618099697,0.7460289230452687,0.4788726441133136,0.1238049377778771,0.5153532528303362,0.6485300887521499,0.5722404662970801,0.4994107067725239,0.5717363422233531,0.1039704432931495,0.3544693650323741,0.7290185144701624,0.5529792003220745,0.125138819028371,0.4440768151760063,0.6144563750929215,0.6446799339006986,0.6459581310771729,0.6503826729544945,0.108810955212573,0.4440768151760063,0.8597568595013318,0.5810365727568793,0.0884783473670346,0.5032518072906411,0.5383569645630818,0.3854920374311117,0.342999068008482,0.4406252156201652,0.1128271115942644,0.1879053126554049,0.6597674648519692,0.410785914871095,0.1236078263406643,0.0,0.0,0.0,0.0,0.0,0.0,4.0,4.0,0.0,0.0,6,2,0,0,336,0,3,True,0.0051743790874962114,0.002552897086236876,0.0031946180454032005,0.9881237038471331,0.0009544019337305085,0.9881237038471331,[0.9881237],0.07928026043559287,False,0.9829493247596369,False,0.9881237038471331,False,0,False,2025-07-25 13:25:48.851583,98,0.2
2015-04-29 17:00:00,0.5362216190552808,0.5104071963787822,0.2803648065024362,0.8585150321836484,0,0,0,4,0.4322806414265611,0.5156291208417015,0.5478922605383797,0.3759441930044586,0.4661160172099005,0.1583274770920134,0.1065363082926541,0.7529696627027652,0.5469767595434508,0.1160469837611462,0.4451355265969394,0.4100950543064193,0.3832556994654201,0.4444578302808207,0.4126309235830379,0.1034474561705033,0.1830764234788327,0.6081051077744999,0.4338997096115575,0.1318232914672207,0.3988814901872333,0.5008922406780121,0.3537385058461381,0.2400653861039742,0.3905285614583086,0.0896099217626983,0.2033404936877426,0.5836437985777616,0.3967085737170389,0.1365283126002794,0.6858103003627983,0.5746577565058816,0.5895523745931986,0.4912278444506582,0.6713679256784211,0.1039693125627905,0.5094737599351343,0.8585150321836484,0.6681154683055697,0.1255675598961531,0.0,0.0,3.0,0.0,0.0,0.0,0.0,10.0,0.0,0.0,17,2,0,1,349,11,4,True,0.001155911368075966,0.0006396433997104665,0.007202524936419716,0.0005470129300332683,0.9904549073657606,0.9904549073657606,[0.99045491],0.06166200859898856,False,0.9832523824293409,False,0.9904549073657606,False,0,False,2025-07-25 13:25:48.851583,98,0.2
2015-11-25 11:00:00,0.4602632331998711,0.7602310432724293,0.5780697292948214,0.4284870460048395,0,0,0,3,0.3453404123543638,0.6000156446065633,0.4120755819062976,0.2972438499556006,0.435471510667309,0.1287083073037684,0.2158070618099697,0.7460289230452687,0.4144171159029857,0.0823292704088934,0.5050310207097433,0.5153532528303362,0.501317054155487,0.6679894160300961,0.5620621031089214,0.101046980009339,0.3544693650323741,0.7602310432724293,0.5491612698159626,0.1225898502845998,0.6656635642446491,0.4440768151760063,0.7615873846805532,0.5861709998418148,0.6394818055633492,0.0977427483435611,0.4440768151760063,0.8515482122701108,0.5883950874404328,0.0666905091820138,0.29992028757067,0.5032518072906411,0.3623250104992733,0.6456826700849437,0.440250551739375,0.1102727833666327,0.1879053126554049,0.6597674648519692,0.4325431787525031,0.092762597611108,0.0,0.0,0.0,0.0,0.0,0.0,4.0,4.0,0.0,0.0,11,2,0,1,341,5,3,True,0.0058342312970622685,0.001670473435165261,0.002541439862078268,0.9891404978945448,0.0008133575111493375,0.9891404978945448,[0.9891405],0.07246543991040486,False,0.9833062665974825,False,0.9891404978945448,False,0,False,2025-07-25 13:25:48.851583,98,0.2
2015-05-29 21:00:00,0.3424521020672516,0.5872778550679569,0.6578268751966305,0.3994961616846618,0,0,0,3,0.449597793932634,0.4148475116325977,0.1987452446586824,0.5649211521856813,0.3989246983082148,0.1088014767767015,0.1987452446586824,0.5353778630757878,0.3883543262394653,0.1234680660797361,0.4229161044003205,0.5026918469967714,0.665228411191227,0.8187162496014417,0.5465052699842816,0.087054967516633,0.3845908047693528,0.6872560836683856,0.5200870750302018,0.0650556778647029,0.4672961587103061,0.7986327970845379,0.6720954646142037,0.6807979705395286,0.635197298289567,0.0836451352009018,0.4672961587103061,0.7986327970845379,0.5693811290047585,0.0908507629616743,0.4303535445134523,0.5950025899431494,0.2168364561912094,0.2274704854722991,0.4572084512291712,0.1234294056434159,0.2168364561912094,0.6969383990157249,0.4441720949553855,0.1036049751090608,0.0,0.0,0.0,0.0,0.0,0.0,0.0,4.0,0.0,0.0,21,4,0,0,351,15,3,True,0.004849587259237871,0.0009353774663398445,0.004822814069646876,0.9884693137395659,0.000922907465209325,0.9884693137395659,[0.98846931],0.07600664534202264,False,0.983619726480328,False,0.9884693137395659,False,0,False,2025-07-25 13:25:48.851583,98,0.2
2015-04-29 14:00:00,0.4940938812820742,0.414239933466243,0.5836437985777616,0.6336005030256303,0,0,0,4,0.5981529953874697,0.4825563947476358,0.3368724580907688,0.5308383149865813,0.4515907317492696,0.1465359959650623,0.1065363082926541,0.7072782225436555,0.5127841696071846,0.0511903052228336,0.5039210009347423,0.6081051077744999,0.5077791866057519,0.4382696454628312,0.4134606609862639,0.0909274250308085,0.1964975357436878,0.6081051077744999,0.429375588972829,0.0812722553836185,0.4620446775517501,0.3225532585401004,0.3190397884560392,0.2996422498265404,0.3857841208537737,0.0927472083010451,0.2033404936877426,0.5836437985777616,0.4123292286472289,0.1395010609130723,0.7495311312614384,0.8578756705926073,0.5722952519756915,0.5927191608129033,0.6635025517366492,0.1244481711310661,0.4757454263053381,0.960345170252691,0.6468949668874064,0.1020094465885521,0.0,0.0,0.0,0.0,0.0,0.0,0.0,10.0,0.0,0.0,14,2,0,1,346,8,4,True,0.0011186945963888367,0.00034916890156684805,0.007235680606139296,0.0004312820780962589,0.9908651738178087,0.9908651738178087,[0.99086517],0.058479155630395775,False,0.9836294932116694,False,0.9908651738178087,False,0,False,2025-07-25 13:25:48.851583,98,0.2
2015-06-13 23:00:00,0.4731720963682052,0.3041291447584531,0.4108954098513671,0.9816728501764714,0,0,0,2,0.4446123688165647,0.443299389712949,0.4199758719122538,0.6283321249511943,0.4636371007593558,0.0902202714152573,0.2980598130141886,0.6076664178606738,0.4647138373344098,0.0700741950674526,0.4674064447391576,0.5195223404537717,0.4973462107465483,0.5144555490187619,0.4845369280947063,0.1181486526903956,0.2646524812588769,0.7048261817569759,0.4331134695373606,0.1242503715813496,0.3342248609563303,0.3928970178978141,0.4561221423266459,0.4103577833527965,0.3891446107506477,0.0925238514893918,0.1494918488552842,0.5716502583424687,0.4214242416694572,0.0987847405261572,0.9144948317354854,0.7654921356148868,0.5722760457682347,0.5625706130016151,0.5983173715644149,0.1837290607788691,0.1935608304434668,0.9816728501764714,0.6902962420064674,0.2039784720742619,0.0,0.0,0.0,0.0,0.0,0.0,0.0,5.0,0.0,0.0,23,5,1,0,354,17,2,True,0.0010123554670385634,0.0003502164331919676,0.9910965673215734,0.0005258122732605174,0.007015048504935533,0.9910965673215734,[0.99109657],0.05739370870180264,False,0.9840815188166379,False,0.9910965673215734,False,0,False,2025-07-25 13:25:48.851583,98,0.2
2015-04-30 01:00:00,0.4050343925022527,0.6321220145675961,0.4851075488565763,0.826563089981326,0,0,0,4,0.2270346223764551,0.3439778386941722,0.5981529953874697,0.3088206129821015,0.4724726173531461,0.1126743007969691,0.2270346223764551,0.7529696627027652,0.410328024902419,0.1010375695636638,0.2514681077464345,0.4027947576776569,0.5039210009347423,0.1964975357436878,0.4284647316744183,0.1021344639725746,0.1830764234788327,0.6321220145675961,0.4282049015041383,0.1251172411312333,0.3882703932529745,0.5306615074063092,0.4620446775517501,0.4347963386574099,0.3911101952462077,0.1006430552503631,0.1791032749820289,0.5836437985777616,0.3823126710394912,0.1182995848116248,0.6675872184162078,0.6067479295215986,0.7495311312614384,0.5267745217140516,0.6839826614885,0.1047261287574506,0.5094737599351343,0.8585150321836484,0.7209111281932185,0.0846428149723735,0.0,0.0,0.0,0.0,0.0,0.0,0.0,10.0,0.0,0.0,1,3,0,0,357,19,4,True,0.0011849323681432451,0.0003770450514630335,0.0067669460484180936,0.0007320461917663004,0.9909390303402092,0.9909390303402092,[0.99093903],0.05906705047940189,False,0.9841720842917911,False,0.9909390303402092,False,0,False,2025-07-25 13:25:48.851583,98,0.2
2015-08-27 06:00:00,0.5309541397534071,0.5435690293137057,0.427897068683737,0.5143642949294998,2,0,0,2,0.5309541397534071,0.5324469851542785,0.3590397049859423,0.6011838495626561,0.487049456604869,0.113197566880835,0.2460063263371631,0.7109312556744055,0.5138421239647272,0.15041269872706,0.5435690293137057,0.5551201142777447,0.4575759812865298,0.3654471151825219,0.4664896547624841,0.1089744002069318,0.2838103628585977,0.6786156353050283,0.4121494988979193,0.1168419716735784,0.427897068683737,0.2798251293771533,0.4598913818510031,0.4114764746280067,0.4079864366406259,0.0952879314979089,0.1325463385053824,0.6065046565790335,0.3686730432626549,0.1336479144454091,0.5143642949294998,0.4332145984202746,0.5423376291103519,0.4202597126206092,0.4417008283507166,0.0990910310412433,0.2798644679695841,0.6383358079952323,0.4477288404957982,0.0704508695312013,3.0,0.0,0.0,0.0,0.0,0.0,5.0,5.0,0.0,0.0,6,3,0,0,337,0,2,True,0.00423775814809994,0.002561342739408245,0.9888728940150022,0.001700750149855051,0.002627254947634608,0.9888728940150022,[0.98887289],0.0759588152190461,False,0.9846351358669023,False,0.9888728940150022,False,0,False,2025-07-25 13:25:48.851583,98,0.2
2015-08-12 06:00:00,0.6609355634202324,0.5797413799860089,0.4076562343477714,0.5253913575065146,1,0,0,1,0.5741773270549725,0.4425481432476775,0.6142798057318973,0.5273781383101265,0.5746773415032593,0.1224835265004417,0.3838396066583226,0.8339619821248402,0.5433605923286459,0.0725845605272898,0.4834334039212081,0.4309083657543593,0.6904114209404986,0.3990172948564116,0.5668134231096351,0.1005599903524301,0.4051187267465218,0.7920737466512469,0.5860887117789879,0.0699577408777397,0.4057882091836713,0.5311241486713809,0.4556719017767097,0.3670095469383109,0.4031871313257794,0.0852645285324406,0.2364091194136379,0.5733560017747434,0.3930895161631409,0.0213892979921614,0.4089947189936697,0.4410627699080662,0.4970470102484869,0.4446335135237691,0.4424857211089452,0.1048165704847725,0.2497692140171519,0.6342709101576861,0.4451612513198117,0.0981738135712805,0.0,0.0,0.0,0.0,0.0,0.0,1.0,1.0,0.0,0.0,6,2,0,0,336,0,1,True,0.0057491564744087285,0.9903978357080867,0.002202663594116386,0.0011007861971034552,0.0005495580262847705,0.9903978357080867,[0.99039784],0.06431364939540464,False,0.9846486792336779,False,0.9903978357080867,False,0,False,2025-07-25 13:25:48.851583,98,0.2
2015-02-13 09:00:00,0.7504510015107201,0.6444136254973984,0.6222877777821407,0.3288918604296412,0,0,0,1,0.5037437971909825,0.740366905672076,0.6276176094593257,0.6526725465714335,0.6082911601616103,0.1167618299886453,0.383656059729116,0.8086616138805621,0.5838099455791673,0.1132690796279929,0.7870794634611891,0.6690655019734024,0.5185384281504584,0.6015423512632243,0.5951338345066741,0.1170598824280315,0.4100003262899971,0.8645451475409527,0.6853854228991053,0.0772983750476131,0.5760979115432936,0.445864555198161,0.5015597316221923,0.5949332716843845,0.4280486642871057,0.0915752934940726,0.2371362494532485,0.6222877777821407,0.5165362744701489,0.0733793162703061,0.6506121598668416,0.4276102621559937,0.3485988281955019,0.2843734911104811,0.4461510605019275,0.0962646015093406,0.2907733296042938,0.713764709225473,0.4805751209350815,0.1102837562691378,0.0,0.0,0.0,0.0,0.0,0.0,1.0,1.0,0.0,0.0,9,4,0,1,339,3,1,True,0.004943535369156247,0.9896866158723691,0.0006947215745023325,0.003909238530755942,0.0007658886532165773,0.9896866158723691,[0.98968662],0.06872987537196278,False,0.9847430805032128,False,0.9896866158723691,False,0,False,2025-07-25 13:25:48.851583,98,0.2
2015-02-14 00:00:00,0.5831225946092017,0.5117631139604473,0.3896214364330174,0.2523412740771156,0,0,0,1,0.7065430615597,0.3516672022925947,0.8263608417128429,0.5331255005939267,0.6372028571389753,0.1282054669644566,0.3516672022925947,0.8557958639763067,0.6932457942780411,0.0899416647991208,0.4417027788471443,0.4322244499804413,0.6833549306565612,0.4505434751304709,0.5930925654943412,0.1070934149391643,0.4100003262899971,0.7894487264829158,0.5396451151602494,0.075307881115399,0.4986248779771509,0.4968612882213463,0.3382601188926718,0.3355417047328867,0.4473373920386461,0.0904416963900098,0.2765312220546501,0.6222877777821407,0.4669043207211389,0.0603277578578864,0.602871082389551,0.3822930698334996,0.6868577191915471,0.713764709225473,0.4447099172478448,0.1394844751349201,0.1793839452043416,0.6868577191915471,0.3941344103876422,0.1786144631475618,0.0,0.0,0.0,0.0,0.0,0.0,0.0,1.0,0.0,0.0,0,5,1,0,354,18,1,True,0.005214541025580061,0.9899608732216294,0.0016115848355240429,0.0020643340099429316,0.001148666907323646,0.9899608732216294,[0.98996087],0.06830030628457547,False,0.9847463321960493,False,0.9899608732216294,False,0,False,2025-07-25 13:25:48.851583,98,0.2
2015-04-15 00:00:00,0.5256241339489759,0.5962571761888869,0.4859179592715934,0.6078944803630527,0,0,0,3,0.488340228678317,0.4242515905802525,0.4334821049540426,0.5016443935506135,0.4623093516227192,0.140624369716754,0.2429426779094264,0.8477799999089778,0.4916666020877882,0.2235302794756673,0.5079449017012152,0.6156108019208582,0.5733053247058408,0.5695531647675203,0.5735798009034865,0.0840310660444721,0.3954498985999683,0.7482728176441591,0.5887130821046633,0.0521981258524493,0.6331623692812003,0.527515566984289,0.7523045121720098,0.6210132760161948,0.6581226934601929,0.0790558757027252,0.4859179592715934,0.7788341380394332,0.641136433694454,0.0875475895142106,0.4037777665615168,0.4733187759611048,0.3467365661459104,0.4265012133120328,0.4644152247436261,0.1088456299494556,0.2486572345301875,0.6492974427767965,0.4667966729844686,0.1415507742757662,0.0,0.0,0.0,0.0,0.0,0.0,0.0,4.0,0.0,0.0,0,2,0,0,354,18,3,True,0.004207323122133227,0.0035217581077530893,0.0025612170344668146,0.9889910283084196,0.000718673427227345,0.9889910283084196,[0.98899103],0.07434511619118145,False,0.9847837051862863,False,0.9889910283084196,False,0,False,2025-07-25 13:25:48.851583,98,0.2
2015-05-30 00:00:00,0.6114692265980147,0.6392732489552206,0.350071524993008,0.3131679589804813,0,0,0,3,0.5633822980064355,0.5353778630757878,0.4764938000482684,0.3969658854819918,0.4138387708027331,0.120516360503228,0.1987452446586824,0.6114692265980147,0.4913469657182501,0.0933093335225462,0.8092688356699491,0.4944547757945062,0.5674168813423168,0.6872560836683856,0.5567049817784397,0.1002248260194372,0.3845908047693528,0.8092688356699491,0.6067662733779432,0.1239062271685093,0.8215818222150477,0.5201732057688575,0.5789653329045754,0.6398392982331944,0.6263008160908209,0.1050983533199809,0.350071524993008,0.8215818222150477,0.6035395183918629,0.1694587271677282,0.2926144901675152,0.4909083070402439,0.6454617509375261,0.5095407408723989,0.4528778238651327,0.1247636144299052,0.2168364561912094,0.6969383990157249,0.375362743438018,0.0655650659063949,0.0,0.0,0.0,0.0,0.0,0.0,0.0,4.0,0.0,0.0,0,5,1,0,354,18,3,True,0.005387304047154396,0.0011020218911709392,0.002145286158306796,0.990294139316355,0.0010712485870128024,0.990294139316355,[0.99029414],0.06581362757354903,False,0.9849068352692006,False,0.990294139316355,False,0,False,2025-07-25 13:25:48.851583,98,0.2
2015-04-29 21:00:00,0.4712997161084743,0.3628260495517157,0.3657806711086988,0.6349382173316261,0,0,0,4,0.4835819360964323,0.7529696627027652,0.5400582429874136,0.6723668424844734,0.4722677889142435,0.1330542627880987,0.2108226469444255,0.7529696627027652,0.4177184160701474,0.1084991193891432,0.4620144344619719,0.1830764234788327,0.3699157642283204,0.346555337809048,0.4193955823569579,0.1019490133366668,0.1830764234788327,0.6081051077744999,0.4268094462429832,0.0559432382562789,0.1791032749820289,0.4519761757953092,0.4287433142199597,0.3951012682712552,0.3936820273756987,0.1007646145669857,0.1791032749820289,0.5836437985777616,0.3538399682187649,0.1179629435403599,0.8209914643356339,0.571762083064768,0.777685655368919,0.76586714235407,0.6721903725135979,0.1088540429756811,0.5094737599351343,0.8585150321836484,0.7309858075407775,0.103307936040417,0.0,0.0,0.0,0.0,0.0,0.0,0.0,10.0,0.0,0.0,21,2,0,0,353,15,4,True,0.0009321603859872021,0.00033874377814041665,0.006680218785514296,0.00045152023273782783,0.9915973568176203,0.9915973568176203,[0.99159736],0.054515099710075315,False,0.984917138032106,False,0.9915973568176203,False,0,False,2025-07-25 13:25:48.851583,98,0.2
